id;concept;dato;first_line;kommentar
18118679122761680;Folka Først;2026-06-24;Hvorfor velger man trygghet fremfor risiko?;Bekreftet av Adrian
18093374993346883;Folka Først;2026-06-28;Noe av det viktigste lokalbankene gjør...🤯;Bekreftet av Adrian
17888868825579058;Folka Først;2026-06-29;Hva påvirker sum, pengegaver og sponsorater?;Bekreftet av Adrian
18360857617246762;Folka Først;2026-07-01;"Hvorfor er det vanskelig for nyoppstartede bedrifter å ""overleve""?";Bekreftet av Adrian
18125909446711091;Folka Først;2026-07-05;Hvilke styrker er det kvinner har som menn mangler?;Bekreftet av Adrian
18122347798774282;Folka Først;2026-07-06;Hva består jobbhverdagen til en rekrutterer av?;Bekreftet av Adrian
17928586284360563;Folka Først;2026-07-08;Hvordan skal vi øke kvinneandelen av grundere?;Bekreftet av Adrian
18096715124209713;Folka Først;2026-07-19;Hvordan velger man riktig søker for jobbstillingen?;Bekreftet av Adrian
18409063867156349;Folka Først;2026-07-20;Hvordan måler man suksess?;Bekreftet av Adrian
18116627024510378;Folka Først;2026-07-22;Hvordan gjør man stillingen mer attraktiv?;Bekreftet av Adrian
18060611435769026;Folka Først;2026-07-26;Kjønn vs kompetanse... hva er viktigst?;Bekreftet av Adrian
18036016013821203;Folka Først;2026-07-27;Hva er den viktigste faktoren i et jobbintervju?;Bekreftet av Adrian
18206763544361060;Folka Først;2026-07-29;Hvorfor er det så få kvinnelige ledere...?;Bekreftet av Adrian
18038650430816021;Folka Først;2026-08-02;Er aldri for sent å jakte drømmejobben sin!;Bekreftet av Adrian
18129948820655258;Folka Først;2026-08-03;Hva ser en leder i eiendomsbransjen på som frihet?;Bekreftet av Adrian
18611614750035460;Folka Først;2026-08-05;Hva er definisjonen på frihet for en leder i økonomi?;Bekreftet av Adrian
17910836325261267;Folka Først;2026-08-09;Hvordan kvalitetsikres leveransene? ;Bekreftet av Adrian
